{
  "AF": 33.783738,
  "AFL": 33.411814,
  "BBB": 224.916898,
  "Brady": 288.205674,
  "LBBB": 56.224558,
  "RBBB": 25.806737,
  "1dAVb": 45.215313,
  "LAD": 10.184312,
  "LAnFB": 38.571082,
  "LPR": 207.05102,
  "LQRSV": 56.964463,
  "LQT": 44.38453,
  "NSIVCB": 45.497149,
  "NSR": 1.620704,
  "PAC": 25.942848,
  "PR": 93.502897,
  "PRWP": 222.441096,
  "PVC": 99.068712,
  "QAb": 43.56612,
  "RAD": 73.959559,
  "SA": 20.644374,
  "SB": 16.451527,
  "ST": 23.838884,
  "SVPB": 369.709091,
  "TAb": 7.00589,
  "TInv": 25.190109,
  "VPB": 122.945289
}